Index,final_decision,reasoning
0,True,No disagreement between Model A and B
1,False,No disagreement between Model A and B
2,True,No disagreement between Model A and B
3,False,No disagreement between Model A and B
4,False,No disagreement between Model A and B
5,False,No disagreement between Model A and B
6,False,No disagreement between Model A and B
7,False,No disagreement between Model A and B
8,False,No disagreement between Model A and B
9,False,No disagreement between Model A and B
10,True,No disagreement between Model A and B
11,False,No disagreement between Model A and B
12,False,No disagreement between Model A and B
13,False,No disagreement between Model A and B
14,False,No disagreement between Model A and B
15,False,No disagreement between Model A and B
16,False,No disagreement between Model A and B
17,False,No disagreement between Model A and B
18,False,No disagreement between Model A and B
19,False,No disagreement between Model A and B
20,False,No disagreement between Model A and B
21,False,No disagreement between Model A and B
22,False,No disagreement between Model A and B
23,False,No disagreement between Model A and B
24,False,No disagreement between Model A and B
25,False,No disagreement between Model A and B
26,False,No disagreement between Model A and B
27,False,No disagreement between Model A and B
28,True,No disagreement between Model A and B
29,False,No disagreement between Model A and B
30,False,No disagreement between Model A and B
31,False,No disagreement between Model A and B
32,True,No disagreement between Model A and B
33,False,No disagreement between Model A and B
34,False,No disagreement between Model A and B
35,False,No disagreement between Model A and B
36,True,No disagreement between Model A and B
37,False,No disagreement between Model A and B
38,False,No disagreement between Model A and B
39,False,No disagreement between Model A and B
40,False,No disagreement between Model A and B
41,True,No disagreement between Model A and B
42,False,No disagreement between Model A and B
43,True,No disagreement between Model A and B
44,True,No disagreement between Model A and B
45,False,No disagreement between Model A and B
46,False,No disagreement between Model A and B
47,False,No disagreement between Model A and B
48,False,No disagreement between Model A and B
49,True,No disagreement between Model A and B
50,False,No disagreement between Model A and B
51,False,No disagreement between Model A and B
52,True,No disagreement between Model A and B
53,False,No disagreement between Model A and B
54,False,No disagreement between Model A and B
55,False,No disagreement between Model A and B
56,True,No disagreement between Model A and B
57,False,No disagreement between Model A and B
58,True,No disagreement between Model A and B
59,False,No disagreement between Model A and B
60,False,No disagreement between Model A and B
61,False,No disagreement between Model A and B
62,False,No disagreement between Model A and B
63,False,No disagreement between Model A and B
64,False,No disagreement between Model A and B
65,False,No disagreement between Model A and B
66,False,No disagreement between Model A and B
67,False,No disagreement between Model A and B
68,False,No disagreement between Model A and B
69,False,No disagreement between Model A and B
79,False,"The study does not meet the PICOS criteria as the comparison group is not specified. While the study design is a randomized trial, the lack of a clear comparator group prevents it from fully aligning with the criteria."
80,True,No disagreement between Model A and B
81,False,No disagreement between Model A and B
82,False,No disagreement between Model A and B
83,False,No disagreement between Model A and B
84,False,No disagreement between Model A and B
85,False,No disagreement between Model A and B
86,False,No disagreement between Model A and B
87,False,No disagreement between Model A and B
88,False,No disagreement between Model A and B
89,False,No disagreement between Model A and B
90,False,No disagreement between Model A and B
91,False,No disagreement between Model A and B
92,False,No disagreement between Model A and B
93,False,No disagreement between Model A and B
94,False,No disagreement between Model A and B
95,False,No disagreement between Model A and B
96,False,No disagreement between Model A and B
97,False,No disagreement between Model A and B
98,False,No disagreement between Model A and B
99,False,No disagreement between Model A and B
100,False,No disagreement between Model A and B
101,False,No disagreement between Model A and B
102,False,No disagreement between Model A and B
103,True,No disagreement between Model A and B
104,False,No disagreement between Model A and B
105,True,No disagreement between Model A and B
106,False,No disagreement between Model A and B
107,False,No disagreement between Model A and B
108,True,No disagreement between Model A and B
109,False,No disagreement between Model A and B
110,False,No disagreement between Model A and B
111,False,No disagreement between Model A and B
112,False,No disagreement between Model A and B
113,False,No disagreement between Model A and B
114,False,No disagreement between Model A and B
115,False,No disagreement between Model A and B
116,False,No disagreement between Model A and B
117,False,No disagreement between Model A and B
118,False,No disagreement between Model A and B
119,False,No disagreement between Model A and B
120,False,No disagreement between Model A and B
121,False,No disagreement between Model A and B
122,False,No disagreement between Model A and B
123,False,No disagreement between Model A and B
124,False,No disagreement between Model A and B
125,False,No disagreement between Model A and B
126,False,No disagreement between Model A and B
127,False,No disagreement between Model A and B
128,False,No disagreement between Model A and B
129,False,No disagreement between Model A and B
130,False,No disagreement between Model A and B
131,False,No disagreement between Model A and B
132,False,No disagreement between Model A and B
133,False,No disagreement between Model A and B
134,False,No disagreement between Model A and B
135,False,No disagreement between Model A and B
136,False,No disagreement between Model A and B
137,False,No disagreement between Model A and B
138,False,No disagreement between Model A and B
139,False,No disagreement between Model A and B
140,False,No disagreement between Model A and B
141,False,No disagreement between Model A and B
142,False,No disagreement between Model A and B
143,False,No disagreement between Model A and B
144,False,No disagreement between Model A and B
145,False,No disagreement between Model A and B
146,False,No disagreement between Model A and B
147,False,No disagreement between Model A and B
148,False,No disagreement between Model A and B
149,False,No disagreement between Model A and B
150,False,No disagreement between Model A and B
151,False,No disagreement between Model A and B
152,False,No disagreement between Model A and B
153,False,No disagreement between Model A and B
154,False,No disagreement between Model A and B
155,False,No disagreement between Model A and B
156,False,No disagreement between Model A and B
157,False,No disagreement between Model A and B
158,False,No disagreement between Model A and B
159,False,No disagreement between Model A and B
160,False,No disagreement between Model A and B
161,False,No disagreement between Model A and B
162,False,No disagreement between Model A and B
163,False,No disagreement between Model A and B
164,False,No disagreement between Model A and B
165,False,No disagreement between Model A and B
166,False,No disagreement between Model A and B
167,False,No disagreement between Model A and B
168,True,No disagreement between Model A and B
169,False,No disagreement between Model A and B
170,False,No disagreement between Model A and B
171,False,No disagreement between Model A and B
172,False,No disagreement between Model A and B
173,True,No disagreement between Model A and B
174,False,No disagreement between Model A and B
175,False,No disagreement between Model A and B
176,False,No disagreement between Model A and B
177,False,No disagreement between Model A and B
178,False,No disagreement between Model A and B
179,False,No disagreement between Model A and B
180,False,No disagreement between Model A and B
181,False,No disagreement between Model A and B
182,False,No disagreement between Model A and B
183,False,No disagreement between Model A and B
184,False,No disagreement between Model A and B
185,False,No disagreement between Model A and B
186,False,No disagreement between Model A and B
187,False,No disagreement between Model A and B
188,False,No disagreement between Model A and B
189,False,No disagreement between Model A and B
190,False,No disagreement between Model A and B
191,False,No disagreement between Model A and B
192,False,No disagreement between Model A and B
193,False,No disagreement between Model A and B
194,False,No disagreement between Model A and B
195,False,No disagreement between Model A and B
196,False,No disagreement between Model A and B
197,False,No disagreement between Model A and B
198,False,No disagreement between Model A and B
199,False,No disagreement between Model A and B
200,False,No disagreement between Model A and B
201,False,No disagreement between Model A and B
202,False,No disagreement between Model A and B
203,False,No disagreement between Model A and B
204,False,No disagreement between Model A and B
205,False,No disagreement between Model A and B
206,False,No disagreement between Model A and B
207,False,No disagreement between Model A and B
208,False,No disagreement between Model A and B
209,False,No disagreement between Model A and B
210,False,No disagreement between Model A and B
211,False,No disagreement between Model A and B
212,False,No disagreement between Model A and B
213,False,No disagreement between Model A and B
214,False,No disagreement between Model A and B
215,False,No disagreement between Model A and B
216,False,No disagreement between Model A and B
217,False,No disagreement between Model A and B
218,False,No disagreement between Model A and B
219,True,No disagreement between Model A and B
220,False,No disagreement between Model A and B
221,False,No disagreement between Model A and B
222,False,No disagreement between Model A and B
223,False,No disagreement between Model A and B
224,False,No disagreement between Model A and B
225,False,No disagreement between Model A and B
226,False,No disagreement between Model A and B
227,False,No disagreement between Model A and B
228,False,No disagreement between Model A and B
229,False,No disagreement between Model A and B
230,False,No disagreement between Model A and B
231,False,No disagreement between Model A and B
232,False,No disagreement between Model A and B
233,False,No disagreement between Model A and B
234,False,No disagreement between Model A and B
235,False,No disagreement between Model A and B
236,False,No disagreement between Model A and B
237,False,No disagreement between Model A and B
238,False,No disagreement between Model A and B
239,False,No disagreement between Model A and B
240,False,No disagreement between Model A and B
241,False,No disagreement between Model A and B
242,False,No disagreement between Model A and B
243,False,No disagreement between Model A and B
244,False,No disagreement between Model A and B
245,False,No disagreement between Model A and B
246,True,No disagreement between Model A and B
247,False,No disagreement between Model A and B
248,False,No disagreement between Model A and B
249,False,No disagreement between Model A and B
250,False,No disagreement between Model A and B
251,False,No disagreement between Model A and B
252,False,No disagreement between Model A and B
253,False,No disagreement between Model A and B
254,False,No disagreement between Model A and B
255,False,No disagreement between Model A and B
256,False,No disagreement between Model A and B
257,False,No disagreement between Model A and B
258,False,No disagreement between Model A and B
259,False,No disagreement between Model A and B
260,False,No disagreement between Model A and B
261,False,No disagreement between Model A and B
262,False,No disagreement between Model A and B
263,False,No disagreement between Model A and B
264,False,No disagreement between Model A and B
265,False,No disagreement between Model A and B
266,False,No disagreement between Model A and B
267,False,No disagreement between Model A and B
268,False,No disagreement between Model A and B
269,False,No disagreement between Model A and B
270,False,No disagreement between Model A and B
271,False,No disagreement between Model A and B
272,False,No disagreement between Model A and B
273,False,No disagreement between Model A and B
274,False,No disagreement between Model A and B
275,False,No disagreement between Model A and B
276,False,No disagreement between Model A and B
277,False,No disagreement between Model A and B
278,False,No disagreement between Model A and B
279,False,No disagreement between Model A and B
280,False,No disagreement between Model A and B
281,False,No disagreement between Model A and B
282,False,No disagreement between Model A and B
283,False,No disagreement between Model A and B
284,False,No disagreement between Model A and B
286,False,No disagreement between Model A and B
287,False,No disagreement between Model A and B
288,False,No disagreement between Model A and B
289,False,No disagreement between Model A and B
285,False,Abstract too short or empty
290,False,No disagreement between Model A and B
291,False,No disagreement between Model A and B
292,False,No disagreement between Model A and B
293,True,No disagreement between Model A and B
294,False,No disagreement between Model A and B
295,False,No disagreement between Model A and B
296,False,No disagreement between Model A and B
297,False,No disagreement between Model A and B
298,False,No disagreement between Model A and B
299,False,No disagreement between Model A and B
300,False,No disagreement between Model A and B
301,False,No disagreement between Model A and B
303,False,No disagreement between Model A and B
304,False,No disagreement between Model A and B
305,False,No disagreement between Model A and B
306,False,No disagreement between Model A and B
307,False,No disagreement between Model A and B
308,False,No disagreement between Model A and B
309,False,No disagreement between Model A and B
302,False,Abstract too short or empty
310,False,No disagreement between Model A and B
311,False,No disagreement between Model A and B
312,False,No disagreement between Model A and B
313,False,No disagreement between Model A and B
314,False,No disagreement between Model A and B
315,False,No disagreement between Model A and B
316,False,No disagreement between Model A and B
317,False,No disagreement between Model A and B
318,False,No disagreement between Model A and B
319,False,No disagreement between Model A and B
